,inaction,disengage,engage
0,-5.0,0.0,0.0
1,-6.666666666666667,0.0,0.0
2,-7.5,0.0,0.0
3,-7.5,-4.5,0.0
4,-7.5,-4.333333333333333,0.0
5,-7.5,-4.333333333333333,0.0
6,-7.5,-4.333333333333333,-4.5
7,-7.5,-4.333333333333333,-4.666666666666667
8,-7.5,-4.333333333333333,-4.25
9,-7.5,-5.5,-4.25
10,-7.5,-5.2,-4.25
11,-7.5,-5.2,-4.25
12,-7.5,-5.2,-5.4
13,-7.5,-5.2,-5.5
14,-7.5,-5.2,-5.285714285714286
15,-7.5,-5.5,-5.285714285714286
16,-7.5,-5.0,-5.285714285714286
17,-7.5,-5.0,-5.285714285714286
18,-7.4,-5.0,-5.285714285714286
19,-7.333333333333333,-5.0,-5.285714285714286
20,-7.285714285714286,-5.0,-5.285714285714286
21,-7.285714285714286,-5.5,-5.285714285714286
22,-7.285714285714286,-5.333333333333333,-5.285714285714286
23,-7.285714285714286,-5.333333333333333,-5.285714285714286
24,-7.285714285714286,-5.333333333333333,-5.875
25,-7.285714285714286,-5.333333333333333,-5.888888888888889
26,-7.285714285714286,-5.333333333333333,-5.7
27,-7.285714285714286,-5.8,-5.7
28,-7.285714285714286,-5.7272727272727275,-5.7
29,-7.285714285714286,-5.7272727272727275,-5.7
30,-7.5,-5.7272727272727275,-5.7
31,-7.666666666666667,-5.7272727272727275,-5.7
32,-7.8,-5.7272727272727275,-5.7
33,-7.8,-5.7272727272727275,-5.818181818181818
34,-7.8,-5.7272727272727275,-5.583333333333333
35,-7.8,-5.7272727272727275,-5.230769230769231
36,-7.8,-5.833333333333333,-5.230769230769231
37,-7.8,-5.538461538461538,-5.230769230769231
38,-7.8,-5.538461538461538,-5.230769230769231
39,-7.7272727272727275,-5.538461538461538,-5.230769230769231
40,-7.666666666666667,-5.538461538461538,-5.230769230769231
41,-7.615384615384615,-5.538461538461538,-5.230769230769231
42,-7.615384615384615,-5.538461538461538,-5.357142857142857
43,-7.615384615384615,-5.538461538461538,-5.2
44,-7.615384615384615,-5.538461538461538,-4.9375
45,-7.615384615384615,-5.857142857142857,-4.9375
46,-7.615384615384615,-5.8,-4.9375
47,-7.615384615384615,-5.8,-4.9375
48,-7.615384615384615,-5.8,-5.117647058823529
49,-7.615384615384615,-5.8,-5.055555555555555
50,-7.615384615384615,-5.8,-4.894736842105263
51,-7.615384615384615,-5.8,-5.0
52,-7.615384615384615,-5.8,-4.904761904761905
53,-7.615384615384615,-5.8,-4.7272727272727275
54,-7.615384615384615,-5.875,-4.7272727272727275
55,-7.615384615384615,-5.647058823529412,-4.7272727272727275
56,-7.615384615384615,-5.647058823529412,-4.7272727272727275
57,-7.615384615384615,-5.833333333333333,-4.7272727272727275
58,-7.615384615384615,-5.7368421052631575,-4.7272727272727275
59,-7.615384615384615,-5.7368421052631575,-4.7272727272727275
60,-7.714285714285714,-5.7368421052631575,-4.7272727272727275
61,-7.8,-5.7368421052631575,-4.7272727272727275
62,-7.875,-5.7368421052631575,-4.7272727272727275
63,-7.875,-5.7368421052631575,-4.913043478260869
64,-7.875,-5.7368421052631575,-4.916666666666667
65,-7.875,-5.7368421052631575,-4.84
66,-7.875,-5.95,-4.84
67,-7.875,-5.904761904761905,-4.84
68,-7.875,-5.904761904761905,-4.84
69,-7.875,-5.904761904761905,-5.038461538461538
70,-7.875,-5.904761904761905,-5.074074074074074
71,-7.875,-5.904761904761905,-5.035714285714286
72,-7.875,-6.0,-5.035714285714286
73,-7.875,-5.869565217391305,-5.035714285714286
74,-7.875,-5.869565217391305,-5.035714285714286
75,-7.823529411764706,-5.869565217391305,-5.035714285714286
76,-7.777777777777778,-5.869565217391305,-5.035714285714286
77,-7.7368421052631575,-5.869565217391305,-5.035714285714286
78,-7.7368421052631575,-6.0,-5.035714285714286
79,-7.7368421052631575,-5.92,-5.035714285714286
80,-7.7368421052631575,-5.92,-5.035714285714286
81,-7.7368421052631575,-5.92,-5.206896551724138
82,-7.7368421052631575,-5.92,-5.233333333333333
83,-7.7368421052631575,-5.92,-5.193548387096774
84,-7.7368421052631575,-6.038461538461538,-5.193548387096774
85,-7.7368421052631575,-5.962962962962963,-5.193548387096774
86,-7.7368421052631575,-5.962962962962963,-5.193548387096774
87,-7.7,-5.962962962962963,-5.193548387096774
88,-7.666666666666667,-5.962962962962963,-5.193548387096774
89,-7.636363636363637,-5.962962962962963,-5.193548387096774
90,-7.636363636363637,-5.962962962962963,-5.25
91,-7.636363636363637,-5.962962962962963,-5.181818181818182
92,-7.636363636363637,-5.962962962962963,-5.0588235294117645
93,-7.636363636363637,-6.107142857142857,-5.0588235294117645
94,-7.636363636363637,-6.068965517241379,-5.0588235294117645
95,-7.636363636363637,-6.068965517241379,-5.0588235294117645
96,-7.608695652173913,-6.068965517241379,-5.0588235294117645
97,-7.583333333333333,-6.068965517241379,-5.0588235294117645
98,-7.56,-6.068965517241379,-5.0588235294117645
99,-7.56,-6.068965517241379,-5.171428571428572
100,-7.56,-6.068965517241379,-5.166666666666667
101,-7.56,-6.068965517241379,-5.108108108108108
102,-7.56,-6.2,-5.108108108108108
103,-7.56,-6.161290322580645,-5.108108108108108
104,-7.56,-6.161290322580645,-5.108108108108108
105,-7.56,-6.161290322580645,-5.157894736842105
106,-7.56,-6.161290322580645,-5.102564102564102
107,-7.56,-6.161290322580645,-5.0
108,-7.538461538461538,-6.161290322580645,-5.0
109,-7.518518518518518,-6.161290322580645,-5.0
110,-7.5,-6.161290322580645,-5.0
111,-7.5,-6.1875,-5.0
112,-7.5,-6.0606060606060606,-5.0
113,-7.5,-6.0606060606060606,-5.0
114,-7.5,-6.117647058823529,-5.0
115,-7.5,-6.0285714285714285,-5.0
116,-7.5,-6.0285714285714285,-5.0
117,-7.5,-6.0285714285714285,-5.097560975609756
118,-7.5,-6.0285714285714285,-5.095238095238095
119,-7.5,-6.0285714285714285,-5.046511627906977
120,-7.5,-6.111111111111111,-5.046511627906977
121,-7.5,-6.054054054054054,-5.046511627906977
122,-7.5,-6.054054054054054,-5.046511627906977
123,-7.482758620689655,-6.054054054054054,-5.046511627906977
124,-7.466666666666667,-6.054054054054054,-5.046511627906977
125,-7.451612903225806,-6.054054054054054,-5.046511627906977
126,-7.451612903225806,-6.054054054054054,-5.159090909090909
127,-7.451612903225806,-6.054054054054054,-5.177777777777778
128,-7.451612903225806,-6.054054054054054,-5.1521739130434785
129,-7.451612903225806,-6.078947368421052,-5.1521739130434785
130,-7.451612903225806,-5.9743589743589745,-5.1521739130434785
131,-7.451612903225806,-5.9743589743589745,-5.1521739130434785
132,-7.451612903225806,-6.075,-5.1521739130434785
133,-7.451612903225806,-6.048780487804878,-5.1521739130434785
134,-7.451612903225806,-6.048780487804878,-5.1521739130434785
135,-7.46875,-6.048780487804878,-5.1521739130434785
136,-7.484848484848484,-6.048780487804878,-5.1521739130434785
137,-7.5,-6.048780487804878,-5.1521739130434785
138,-7.5,-6.048780487804878,-5.212765957446808
139,-7.5,-6.048780487804878,-5.1875
140,-7.5,-6.048780487804878,-5.122448979591836
141,-7.5,-6.071428571428571,-5.122448979591836
142,-7.5,-5.976744186046512,-5.122448979591836
143,-7.5,-5.976744186046512,-5.122448979591836
144,-7.5,-5.976744186046512,-5.22
145,-7.5,-5.976744186046512,-5.235294117647059
146,-7.5,-5.976744186046512,-5.211538461538462
147,-7.5,-6.068181818181818,-5.211538461538462
148,-7.5,-6.044444444444444,-5.211538461538462
149,-7.5,-6.044444444444444,-5.211538461538462
150,-7.485714285714286,-6.044444444444444,-5.211538461538462
151,-7.472222222222222,-6.044444444444444,-5.211538461538462
152,-7.45945945945946,-6.044444444444444,-5.211538461538462
153,-7.45945945945946,-6.130434782608695,-5.211538461538462
154,-7.45945945945946,-6.1063829787234045,-5.211538461538462
155,-7.45945945945946,-6.1063829787234045,-5.211538461538462
156,-7.45945945945946,-6.1063829787234045,-5.245283018867925
157,-7.45945945945946,-6.1063829787234045,-5.203703703703703
158,-7.45945945945946,-6.1063829787234045,-5.127272727272727
159,-7.526315789473684,-6.1063829787234045,-5.127272727272727
160,-7.589743589743589,-6.1063829787234045,-5.127272727272727
161,-7.65,-6.1063829787234045,-5.127272727272727
162,-7.65,-6.1063829787234045,-5.160714285714286
163,-7.65,-6.1063829787234045,-5.12280701754386
164,-7.65,-6.1063829787234045,-5.051724137931035
165,-7.65,-6.125,-5.051724137931035
166,-7.65,-6.040816326530612,-5.051724137931035
167,-7.65,-6.040816326530612,-5.051724137931035
168,-7.65,-6.040816326530612,-5.135593220338983
169,-7.65,-6.040816326530612,-5.15
170,-7.65,-6.040816326530612,-5.131147540983607
171,-7.65,-6.08,-5.131147540983607
172,-7.65,-6.019607843137255,-5.131147540983607
173,-7.65,-6.019607843137255,-5.131147540983607
174,-7.65,-6.038461538461538,-5.131147540983607
175,-7.65,-5.962264150943396,-5.131147540983607
176,-7.65,-5.962264150943396,-5.131147540983607
177,-7.634146341463414,-5.962264150943396,-5.131147540983607
178,-7.619047619047619,-5.962264150943396,-5.131147540983607
179,-7.604651162790698,-5.962264150943396,-5.131147540983607
180,-7.604651162790698,-6.0,-5.131147540983607
181,-7.604651162790698,-5.945454545454545,-5.131147540983607
182,-7.604651162790698,-5.945454545454545,-5.131147540983607
183,-7.604651162790698,-5.945454545454545,-5.161290322580645
184,-7.604651162790698,-5.945454545454545,-5.126984126984127
185,-7.604651162790698,-5.945454545454545,-5.0625
186,-7.604651162790698,-6.017857142857143,-5.0625
187,-7.604651162790698,-6.0,-5.0625
188,-7.604651162790698,-6.0,-5.0625
189,-7.604651162790698,-6.0,-5.107692307692307
190,-7.604651162790698,-6.0,-5.090909090909091
191,-7.604651162790698,-6.0,-5.044776119402985
192,-7.613636363636363,-6.0,-5.044776119402985
193,-7.622222222222222,-6.0,-5.044776119402985
194,-7.630434782608695,-6.0,-5.044776119402985
195,-7.630434782608695,-6.0,-5.102941176470588
196,-7.630434782608695,-6.0,-5.101449275362318
197,-7.630434782608695,-6.0,-5.071428571428571
198,-7.630434782608695,-6.0344827586206895,-5.071428571428571
199,-7.630434782608695,-5.983050847457627,-5.071428571428571
200,-7.630434782608695,-5.983050847457627,-5.071428571428571
201,-7.630434782608695,-6.05,-5.071428571428571
202,-7.630434782608695,-6.032786885245901,-5.071428571428571
203,-7.630434782608695,-6.032786885245901,-5.071428571428571
204,-7.630434782608695,-6.032786885245901,-5.098591549295775
205,-7.630434782608695,-6.032786885245901,-5.069444444444445
206,-7.630434782608695,-6.032786885245901,-5.013698630136986
207,-7.638297872340425,-6.032786885245901,-5.013698630136986
208,-7.645833333333333,-6.032786885245901,-5.013698630136986
209,-7.653061224489796,-6.032786885245901,-5.013698630136986
210,-7.653061224489796,-6.096774193548387,-5.013698630136986
211,-7.653061224489796,-6.079365079365079,-5.013698630136986
212,-7.653061224489796,-6.079365079365079,-5.013698630136986
213,-7.653061224489796,-6.079365079365079,-5.081081081081081
214,-7.653061224489796,-6.079365079365079,-5.093333333333334
215,-7.653061224489796,-6.079365079365079,-5.078947368421052
216,-7.653061224489796,-6.09375,-5.078947368421052
217,-7.653061224489796,-6.030769230769231,-5.078947368421052
218,-7.653061224489796,-6.030769230769231,-5.078947368421052
219,-7.66,-6.030769230769231,-5.078947368421052
220,-7.666666666666667,-6.030769230769231,-5.078947368421052
221,-7.673076923076923,-6.030769230769231,-5.078947368421052
222,-7.673076923076923,-6.030769230769231,-5.103896103896104
223,-7.673076923076923,-6.030769230769231,-5.076923076923077
224,-7.673076923076923,-6.030769230769231,-5.025316455696203
225,-7.673076923076923,-6.045454545454546,-5.025316455696203
226,-7.673076923076923,-5.985074626865671,-5.025316455696203
227,-7.673076923076923,-5.985074626865671,-5.025316455696203
228,-7.673076923076923,-6.014705882352941,-5.025316455696203
229,-7.673076923076923,-5.971014492753623,-5.025316455696203
230,-7.673076923076923,-5.971014492753623,-5.025316455696203
231,-7.673076923076923,-5.971014492753623,-5.0625
232,-7.673076923076923,-5.971014492753623,-5.049382716049383
233,-7.673076923076923,-5.971014492753623,-5.012195121951219
234,-7.679245283018868,-5.971014492753623,-5.012195121951219
235,-7.685185185185185,-5.971014492753623,-5.012195121951219
236,-7.6909090909090905,-5.971014492753623,-5.012195121951219
237,-7.6909090909090905,-6.0,-5.012195121951219
238,-7.6909090909090905,-5.957746478873239,-5.012195121951219
239,-7.6909090909090905,-5.957746478873239,-5.012195121951219
240,-7.6909090909090905,-5.957746478873239,-5.0120481927710845
241,-7.6909090909090905,-5.957746478873239,-4.964285714285714
242,-7.6909090909090905,-5.957746478873239,-4.91764705882353
243,-7.6909090909090905,-5.957746478873239,-4.965116279069767
244,-7.6909090909090905,-5.957746478873239,-4.9655172413793105
245,-7.6909090909090905,-5.957746478873239,-4.943181818181818
246,-7.6909090909090905,-5.972222222222222,-4.943181818181818
247,-7.6909090909090905,-5.917808219178082,-4.943181818181818
248,-7.6909090909090905,-5.917808219178082,-4.943181818181818
249,-7.6909090909090905,-5.945945945945946,-4.943181818181818
250,-7.6909090909090905,-5.906666666666666,-4.943181818181818
251,-7.6909090909090905,-5.906666666666666,-4.943181818181818
252,-7.678571428571429,-5.906666666666666,-4.943181818181818
253,-7.666666666666667,-5.906666666666666,-4.943181818181818
254,-7.655172413793103,-5.906666666666666,-4.943181818181818
255,-7.655172413793103,-5.906666666666666,-5.0
256,-7.655172413793103,-5.906666666666666,-5.011111111111111
257,-7.655172413793103,-5.906666666666666,-5.0
258,-7.655172413793103,-5.921052631578948,-5.0
259,-7.655172413793103,-5.87012987012987,-5.0
260,-7.655172413793103,-5.87012987012987,-5.0
261,-7.655172413793103,-5.884615384615385,-5.0
262,-7.655172413793103,-5.8354430379746836,-5.0
263,-7.655172413793103,-5.8354430379746836,-5.0
264,-7.6440677966101696,-5.8354430379746836,-5.0
265,-7.633333333333334,-5.8354430379746836,-5.0
266,-7.622950819672131,-5.8354430379746836,-5.0
267,-7.661290322580645,-5.8354430379746836,-5.0
268,-7.698412698412699,-5.8354430379746836,-5.0
269,-7.734375,-5.8354430379746836,-5.0
270,-7.734375,-5.8625,-5.0
271,-7.734375,-5.827160493827161,-5.0
272,-7.734375,-5.827160493827161,-5.0
273,-7.734375,-5.827160493827161,-5.054347826086956
274,-7.734375,-5.827160493827161,-5.064516129032258
275,-7.734375,-5.827160493827161,-5.053191489361702
276,-7.734375,-5.878048780487805,-5.053191489361702
277,-7.734375,-5.867469879518072,-5.053191489361702
278,-7.734375,-5.867469879518072,-5.053191489361702
279,-7.734375,-5.867469879518072,-5.094736842105263
280,-7.734375,-5.867469879518072,-5.09375
281,-7.734375,-5.867469879518072,-5.072164948453608
282,-7.734375,-5.892857142857143,-5.072164948453608
283,-7.734375,-5.858823529411764,-5.072164948453608
284,-7.734375,-5.858823529411764,-5.072164948453608
285,-7.734375,-5.895348837209302,-5.072164948453608
286,-7.734375,-5.873563218390805,-5.072164948453608
287,-7.734375,-5.873563218390805,-5.072164948453608
288,-7.734375,-5.873563218390805,-5.091836734693878
289,-7.734375,-5.873563218390805,-5.070707070707071
290,-7.734375,-5.873563218390805,-5.03
291,-7.734375,-5.909090909090909,-5.03
292,-7.734375,-5.887640449438202,-5.03
293,-7.734375,-5.887640449438202,-5.03
294,-7.734375,-5.887640449438202,-5.079207920792079
295,-7.734375,-5.887640449438202,-5.088235294117647
296,-7.734375,-5.887640449438202,-5.077669902912621
297,-7.723076923076923,-5.887640449438202,-5.077669902912621
298,-7.712121212121212,-5.887640449438202,-5.077669902912621
299,-7.701492537313433,-5.887640449438202,-5.077669902912621
300,-7.701492537313433,-5.911111111111111,-5.077669902912621
301,-7.701492537313433,-5.8791208791208796,-5.077669902912621
302,-7.701492537313433,-5.8791208791208796,-5.077669902912621
303,-7.701492537313433,-5.8791208791208796,-5.096153846153846
304,-7.701492537313433,-5.8791208791208796,-5.076190476190476
305,-7.701492537313433,-5.8791208791208796,-5.037735849056604
306,-7.6911764705882355,-5.8791208791208796,-5.037735849056604
307,-7.681159420289855,-5.8791208791208796,-5.037735849056604
308,-7.671428571428572,-5.8791208791208796,-5.037735849056604
309,-7.671428571428572,-5.913043478260869,-5.037735849056604
310,-7.671428571428572,-5.89247311827957,-5.037735849056604
311,-7.671428571428572,-5.89247311827957,-5.037735849056604
312,-7.671428571428572,-5.89247311827957,-5.05607476635514
313,-7.671428571428572,-5.89247311827957,-5.037037037037037
314,-7.671428571428572,-5.89247311827957,-5.0
315,-7.671428571428572,-5.9361702127659575,-5.0
316,-7.671428571428572,-5.926315789473684,-5.0
317,-7.671428571428572,-5.926315789473684,-5.0
318,-7.671428571428572,-5.926315789473684,-5.027272727272727
319,-7.671428571428572,-5.926315789473684,-5.018018018018018
320,-7.671428571428572,-5.926315789473684,-4.991071428571429
321,-7.690140845070423,-5.926315789473684,-4.991071428571429
322,-7.708333333333333,-5.926315789473684,-4.991071428571429
323,-7.726027397260274,-5.926315789473684,-4.991071428571429
324,-7.726027397260274,-5.96875,-4.991071428571429
325,-7.726027397260274,-5.958762886597938,-4.991071428571429
326,-7.726027397260274,-5.958762886597938,-4.991071428571429
327,-7.726027397260274,-5.958762886597938,-5.035398230088496
328,-7.726027397260274,-5.958762886597938,-5.043859649122807
329,-7.726027397260274,-5.958762886597938,-5.034782608695652
330,-7.726027397260274,-6.0,-5.034782608695652
331,-7.726027397260274,-5.98989898989899,-5.034782608695652
332,-7.726027397260274,-5.98989898989899,-5.034782608695652
333,-7.756756756756757,-5.98989898989899,-5.034782608695652
334,-7.786666666666667,-5.98989898989899,-5.034782608695652
335,-7.815789473684211,-5.98989898989899,-5.034782608695652
336,-7.815789473684211,-5.98989898989899,-5.060344827586207
337,-7.815789473684211,-5.98989898989899,-5.051282051282051
338,-7.815789473684211,-5.98989898989899,-5.02542372881356
339,-7.815789473684211,-6.02,-5.02542372881356
340,-7.815789473684211,-6.0,-5.02542372881356
341,-7.815789473684211,-6.0,-5.02542372881356
342,-7.815789473684211,-6.0,-5.067226890756302
343,-7.815789473684211,-6.0,-5.075
344,-7.815789473684211,-6.0,-5.066115702479339
345,-7.815789473684211,-6.0,-5.098360655737705
346,-7.815789473684211,-6.0,-5.097560975609756
347,-7.815789473684211,-6.0,-5.080645161290323
348,-7.815789473684211,-6.019607843137255,-5.080645161290323
349,-7.815789473684211,-5.990291262135922,-5.080645161290323
350,-7.815789473684211,-5.990291262135922,-5.080645161290323
351,-7.815789473684211,-6.028846153846154,-5.080645161290323
352,-7.815789473684211,-6.019047619047619,-5.080645161290323
353,-7.815789473684211,-6.019047619047619,-5.080645161290323
354,-7.8311688311688314,-6.019047619047619,-5.080645161290323
355,-7.846153846153846,-6.019047619047619,-5.080645161290323
356,-7.860759493670886,-6.019047619047619,-5.080645161290323
357,-7.860759493670886,-6.047169811320755,-5.080645161290323
358,-7.860759493670886,-6.02803738317757,-5.080645161290323
359,-7.860759493670886,-6.02803738317757,-5.080645161290323
360,-7.860759493670886,-6.02803738317757,-5.104
361,-7.860759493670886,-6.02803738317757,-5.095238095238095
362,-7.860759493670886,-6.02803738317757,-5.070866141732283
363,-7.860759493670886,-6.055555555555555,-5.070866141732283
364,-7.860759493670886,-6.036697247706422,-5.070866141732283
365,-7.860759493670886,-6.036697247706422,-5.070866141732283
366,-7.8625,-6.036697247706422,-5.070866141732283
367,-7.864197530864198,-6.036697247706422,-5.070866141732283
368,-7.865853658536586,-6.036697247706422,-5.070866141732283
369,-7.865853658536586,-6.036697247706422,-5.09375
370,-7.865853658536586,-6.036697247706422,-5.0852713178294575
371,-7.865853658536586,-6.036697247706422,-5.061538461538461
372,-7.865853658536586,-6.054545454545455,-5.061538461538461
373,-7.865853658536586,-6.027027027027027,-5.061538461538461
374,-7.865853658536586,-6.027027027027027,-5.061538461538461
375,-7.865853658536586,-6.044642857142857,-5.061538461538461
376,-7.865853658536586,-6.017699115044247,-5.061538461538461
377,-7.865853658536586,-6.017699115044247,-5.061538461538461
378,-7.865853658536586,-6.017699115044247,-5.099236641221374
379,-7.865853658536586,-6.017699115044247,-5.106060606060606
380,-7.865853658536586,-6.017699115044247,-5.097744360902255
381,-7.891566265060241,-6.017699115044247,-5.097744360902255
382,-7.916666666666667,-6.017699115044247,-5.097744360902255
383,-7.9411764705882355,-6.017699115044247,-5.097744360902255
384,-7.9411764705882355,-6.026315789473684,-5.097744360902255
385,-7.9411764705882355,-5.991304347826087,-5.097744360902255
386,-7.9411764705882355,-5.991304347826087,-5.097744360902255
387,-7.9411764705882355,-6.0,-5.097744360902255
388,-7.9411764705882355,-5.965811965811966,-5.097744360902255
389,-7.9411764705882355,-5.965811965811966,-5.097744360902255
390,-7.9411764705882355,-5.965811965811966,-5.119402985074627
391,-7.9411764705882355,-5.965811965811966,-5.111111111111111
392,-7.9411764705882355,-5.965811965811966,-5.088235294117647
393,-7.9411764705882355,-5.97457627118644,-5.088235294117647
394,-7.9411764705882355,-5.9411764705882355,-5.088235294117647
395,-7.9411764705882355,-5.9411764705882355,-5.088235294117647
396,-7.9411764705882355,-5.975,-5.088235294117647
397,-7.9411764705882355,-5.966942148760331,-5.088235294117647
398,-7.9411764705882355,-5.966942148760331,-5.088235294117647
399,-7.9411764705882355,-5.966942148760331,-5.116788321167883
400,-7.9411764705882355,-5.966942148760331,-5.115942028985507
401,-7.9411764705882355,-5.966942148760331,-5.100719424460432
402,-7.953488372093023,-5.966942148760331,-5.100719424460432
403,-7.9655172413793105,-5.966942148760331,-5.100719424460432
404,-7.9772727272727275,-5.966942148760331,-5.100719424460432
405,-7.9772727272727275,-5.975409836065574,-5.100719424460432
406,-7.9772727272727275,-5.943089430894309,-5.100719424460432
407,-7.9772727272727275,-5.943089430894309,-5.100719424460432
408,-7.9772727272727275,-5.959677419354839,-5.100719424460432
409,-7.9772727272727275,-5.936,-5.100719424460432
410,-7.9772727272727275,-5.936,-5.100719424460432
411,-7.9772727272727275,-5.936,-5.128571428571429
412,-7.9772727272727275,-5.936,-5.127659574468085
413,-7.9772727272727275,-5.936,-5.112676056338028
414,-7.977528089887641,-5.936,-5.112676056338028
415,-7.977777777777778,-5.936,-5.112676056338028
416,-7.978021978021978,-5.936,-5.112676056338028
417,-7.978021978021978,-5.944444444444445,-5.112676056338028
418,-7.978021978021978,-5.913385826771654,-5.112676056338028
419,-7.978021978021978,-5.913385826771654,-5.112676056338028
420,-7.978021978021978,-5.913385826771654,-5.13986013986014
421,-7.978021978021978,-5.913385826771654,-5.138888888888889
422,-7.978021978021978,-5.913385826771654,-5.124137931034483
423,-7.978021978021978,-5.921875,-5.124137931034483
424,-7.978021978021978,-5.891472868217054,-5.124137931034483
425,-7.978021978021978,-5.891472868217054,-5.124137931034483
426,-7.978021978021978,-5.891472868217054,-5.136986301369863
427,-7.978021978021978,-5.891472868217054,-5.122448979591836
428,-7.978021978021978,-5.891472868217054,-5.094594594594595
429,-7.978021978021978,-5.923076923076923,-5.094594594594595
430,-7.978021978021978,-5.916030534351145,-5.094594594594595
431,-7.978021978021978,-5.916030534351145,-5.094594594594595
432,-7.967391304347826,-5.916030534351145,-5.094594594594595
433,-7.956989247311828,-5.916030534351145,-5.094594594594595
434,-7.946808510638298,-5.916030534351145,-5.094594594594595
435,-7.946808510638298,-5.916030534351145,-5.114093959731544
436,-7.946808510638298,-5.916030534351145,-5.1066666666666665
437,-7.946808510638298,-5.916030534351145,-5.099337748344371
438,-7.946808510638298,-5.9393939393939394,-5.099337748344371
439,-7.946808510638298,-5.924812030075188,-5.099337748344371
440,-7.946808510638298,-5.924812030075188,-5.099337748344371
441,-7.946808510638298,-5.940298507462686,-5.099337748344371
442,-7.946808510638298,-5.9185185185185185,-5.099337748344371
443,-7.946808510638298,-5.9185185185185185,-5.099337748344371
444,-7.968421052631579,-5.9185185185185185,-5.099337748344371
445,-7.989583333333333,-5.9185185185185185,-5.099337748344371
446,-8.010309278350515,-5.9185185185185185,-5.099337748344371
447,-8.010309278350515,-5.9185185185185185,-5.1118421052631575
448,-8.010309278350515,-5.9185185185185185,-5.098039215686274
449,-8.010309278350515,-5.9185185185185185,-5.071428571428571
450,-8.010309278350515,-5.9338235294117645,-5.071428571428571
451,-8.010309278350515,-5.912408759124087,-5.071428571428571
452,-8.010309278350515,-5.912408759124087,-5.071428571428571
453,-8.010309278350515,-5.912408759124087,-5.083870967741936
454,-8.010309278350515,-5.912408759124087,-5.07051282051282
455,-8.010309278350515,-5.912408759124087,-5.044585987261146
456,-8.010309278350515,-5.934782608695652,-5.044585987261146
457,-8.010309278350515,-5.920863309352518,-5.044585987261146
458,-8.010309278350515,-5.920863309352518,-5.044585987261146
459,-8.010309278350515,-5.920863309352518,-5.069620253164557
460,-8.010309278350515,-5.920863309352518,-5.069182389937107
461,-8.010309278350515,-5.920863309352518,-5.05625
462,-8.010204081632653,-5.920863309352518,-5.05625
463,-8.01010101010101,-5.920863309352518,-5.05625
464,-8.01,-5.920863309352518,-5.05625
465,-8.01,-5.942857142857143,-5.05625
466,-8.01,-5.929078014184397,-5.05625
467,-8.01,-5.929078014184397,-5.05625
468,-8.01,-5.929078014184397,-5.068322981366459
469,-8.01,-5.929078014184397,-5.055555555555555
470,-8.01,-5.929078014184397,-5.030674846625767
471,-8.01,-5.929078014184397,-5.0426829268292686
472,-8.01,-5.929078014184397,-5.03030303030303
473,-8.01,-5.929078014184397,-5.006024096385542
474,-8.01,-5.936619718309859,-5.006024096385542
475,-8.01,-5.909090909090909,-5.006024096385542
476,-8.01,-5.909090909090909,-5.006024096385542
477,-8.01,-5.923611111111111,-5.006024096385542
478,-8.01,-5.903448275862069,-5.006024096385542
479,-8.01,-5.903448275862069,-5.006024096385542
480,-8.009900990099009,-5.903448275862069,-5.006024096385542
481,-8.009803921568627,-5.903448275862069,-5.006024096385542
482,-8.009708737864077,-5.903448275862069,-5.006024096385542
483,-8.009708737864077,-5.903448275862069,-5.029940119760479
484,-8.009708737864077,-5.903448275862069,-5.029761904761905
485,-8.009708737864077,-5.903448275862069,-5.017751479289941
486,-8.009708737864077,-5.917808219178082,-5.017751479289941
487,-8.009708737864077,-5.8979591836734695,-5.017751479289941
488,-8.009708737864077,-5.8979591836734695,-5.017751479289941
489,-8.009708737864077,-5.918918918918919,-5.017751479289941
490,-8.009708737864077,-5.906040268456376,-5.017751479289941
491,-8.009708737864077,-5.906040268456376,-5.017751479289941
492,-8.009615384615385,-5.906040268456376,-5.017751479289941
493,-8.00952380952381,-5.906040268456376,-5.017751479289941
494,-8.00943396226415,-5.906040268456376,-5.017751479289941
495,-8.00943396226415,-5.906040268456376,-5.041176470588235
496,-8.00943396226415,-5.906040268456376,-5.04093567251462
497,-8.00943396226415,-5.906040268456376,-5.02906976744186
498,-8.00943396226415,-5.92,-5.02906976744186
499,-8.00943396226415,-5.900662251655629,-5.02906976744186
500,-8.00943396226415,-5.900662251655629,-5.02906976744186
501,-8.00943396226415,-5.900662251655629,-5.0520231213872835
502,-8.00943396226415,-5.900662251655629,-5.051724137931035
503,-8.00943396226415,-5.900662251655629,-5.04
504,-8.02803738317757,-5.900662251655629,-5.04
505,-8.046296296296296,-5.900662251655629,-5.04
506,-8.064220183486238,-5.900662251655629,-5.04
507,-8.064220183486238,-5.927631578947368,-5.04
508,-8.064220183486238,-5.921568627450981,-5.04
509,-8.064220183486238,-5.921568627450981,-5.04
510,-8.064220183486238,-5.921568627450981,-5.0625
511,-8.064220183486238,-5.921568627450981,-5.062146892655368
512,-8.064220183486238,-5.921568627450981,-5.050561797752809
513,-8.064220183486238,-5.9480519480519485,-5.050561797752809
514,-8.064220183486238,-5.941935483870968,-5.050561797752809
515,-8.064220183486238,-5.941935483870968,-5.050561797752809
516,-8.064220183486238,-5.961538461538462,-5.050561797752809
517,-8.064220183486238,-5.949044585987261,-5.050561797752809
518,-8.064220183486238,-5.949044585987261,-5.050561797752809
519,-8.064220183486238,-5.949044585987261,-5.072625698324022
520,-8.064220183486238,-5.949044585987261,-5.072222222222222
521,-8.064220183486238,-5.949044585987261,-5.060773480662983
522,-8.064220183486238,-5.974683544303797,-5.060773480662983
523,-8.064220183486238,-5.968553459119497,-5.060773480662983
524,-8.064220183486238,-5.968553459119497,-5.060773480662983
525,-8.081818181818182,-5.968553459119497,-5.060773480662983
526,-8.0990990990991,-5.968553459119497,-5.060773480662983
527,-8.116071428571429,-5.968553459119497,-5.060773480662983
528,-8.116071428571429,-5.968553459119497,-5.076923076923077
529,-8.116071428571429,-5.968553459119497,-5.0710382513661205
530,-8.116071428571429,-5.968553459119497,-5.054347826086956
531,-8.116071428571429,-5.975,-5.054347826086956
532,-8.116071428571429,-5.950310559006211,-5.054347826086956
533,-8.116071428571429,-5.950310559006211,-5.054347826086956
534,-8.106194690265486,-5.950310559006211,-5.054347826086956
535,-8.096491228070175,-5.950310559006211,-5.054347826086956
536,-8.08695652173913,-5.950310559006211,-5.054347826086956
537,-8.08695652173913,-5.950310559006211,-5.064864864864865
538,-8.08695652173913,-5.950310559006211,-5.053763440860215
539,-8.08695652173913,-5.950310559006211,-5.032085561497326
540,-8.08695652173913,-5.95679012345679,-5.032085561497326
541,-8.08695652173913,-5.932515337423313,-5.032085561497326
542,-8.08695652173913,-5.932515337423313,-5.032085561497326
543,-8.08695652173913,-5.9573170731707314,-5.032085561497326
544,-8.08695652173913,-5.951515151515151,-5.032085561497326
545,-8.08695652173913,-5.951515151515151,-5.032085561497326
546,-8.08695652173913,-5.951515151515151,-5.042553191489362
547,-8.08695652173913,-5.951515151515151,-5.031746031746032
548,-8.08695652173913,-5.951515151515151,-5.010526315789473
549,-8.08695652173913,-5.951515151515151,-5.026178010471204
550,-8.08695652173913,-5.951515151515151,-5.020833333333333
551,-8.08695652173913,-5.951515151515151,-5.005181347150259
552,-8.08695652173913,-5.957831325301205,-5.005181347150259
553,-8.08695652173913,-5.934131736526946,-5.005181347150259
554,-8.08695652173913,-5.934131736526946,-5.005181347150259
555,-8.08695652173913,-5.946428571428571,-5.005181347150259
556,-8.08695652173913,-5.928994082840236,-5.005181347150259
557,-8.08695652173913,-5.928994082840236,-5.005181347150259
558,-8.08695652173913,-5.928994082840236,-5.025773195876289
559,-8.08695652173913,-5.928994082840236,-5.0256410256410255
560,-8.08695652173913,-5.928994082840236,-5.01530612244898
561,-8.086206896551724,-5.928994082840236,-5.01530612244898
562,-8.085470085470085,-5.928994082840236,-5.01530612244898
563,-8.084745762711865,-5.928994082840236,-5.01530612244898
564,-8.084745762711865,-5.935294117647059,-5.01530612244898
565,-8.084745762711865,-5.912280701754386,-5.01530612244898
566,-8.084745762711865,-5.912280701754386,-5.01530612244898
567,-8.084745762711865,-5.930232558139535,-5.01530612244898
568,-8.084745762711865,-5.91907514450867,-5.01530612244898
569,-8.084745762711865,-5.91907514450867,-5.01530612244898
570,-8.084745762711865,-5.91907514450867,-5.035532994923858
571,-8.084745762711865,-5.91907514450867,-5.0353535353535355
572,-8.084745762711865,-5.91907514450867,-5.025125628140704
573,-8.084745762711865,-5.931034482758621,-5.025125628140704
574,-8.084745762711865,-5.914285714285715,-5.025125628140704
575,-8.084745762711865,-5.914285714285715,-5.025125628140704
576,-8.084033613445378,-5.914285714285715,-5.025125628140704
577,-8.083333333333334,-5.914285714285715,-5.025125628140704
578,-8.082644628099173,-5.914285714285715,-5.025125628140704
579,-8.082644628099173,-5.914285714285715,-5.035
580,-8.082644628099173,-5.914285714285715,-5.024875621890548
581,-8.082644628099173,-5.914285714285715,-5.0049504950495045
582,-8.082644628099173,-5.9375,-5.0049504950495045
583,-8.082644628099173,-5.932203389830509,-5.0049504950495045
584,-8.082644628099173,-5.932203389830509,-5.0049504950495045
585,-8.082644628099173,-5.932203389830509,-5.014778325123153
586,-8.082644628099173,-5.932203389830509,-5.004901960784314
587,-8.082644628099173,-5.932203389830509,-4.985365853658537
588,-8.082644628099173,-5.938202247191011,-4.985365853658537
589,-8.082644628099173,-5.916201117318436,-4.985365853658537
590,-8.082644628099173,-5.916201117318436,-4.985365853658537
591,-8.082644628099173,-5.916201117318436,-5.0
592,-8.082644628099173,-5.916201117318436,-4.995169082125604
593,-8.082644628099173,-5.916201117318436,-4.980769230769231
594,-8.09016393442623,-5.916201117318436,-4.980769230769231
595,-8.097560975609756,-5.916201117318436,-4.980769230769231
596,-8.10483870967742,-5.916201117318436,-4.980769230769231
597,-8.10483870967742,-5.938888888888889,-4.980769230769231
598,-8.10483870967742,-5.933701657458563,-4.980769230769231
599,-8.10483870967742,-5.933701657458563,-4.980769230769231
600,-8.10483870967742,-5.933701657458563,-5.0047846889952154
601,-8.10483870967742,-5.933701657458563,-5.0095238095238095
602,-8.10483870967742,-5.933701657458563,-5.004739336492891
603,-8.10483870967742,-5.956043956043956,-5.004739336492891
604,-8.10483870967742,-5.950819672131147,-5.004739336492891
605,-8.10483870967742,-5.950819672131147,-5.004739336492891
606,-8.104,-5.950819672131147,-5.004739336492891
607,-8.103174603174603,-5.950819672131147,-5.004739336492891
608,-8.10236220472441,-5.950819672131147,-5.004739336492891
609,-8.10236220472441,-5.950819672131147,-5.023584905660377
610,-8.10236220472441,-5.950819672131147,-5.023474178403756
611,-8.10236220472441,-5.950819672131147,-5.014018691588785
612,-8.10236220472441,-5.956521739130435,-5.014018691588785
613,-8.10236220472441,-5.935135135135135,-5.014018691588785
614,-8.10236220472441,-5.935135135135135,-5.014018691588785
615,-8.10236220472441,-5.956989247311828,-5.014018691588785
616,-8.10236220472441,-5.951871657754011,-5.014018691588785
617,-8.10236220472441,-5.951871657754011,-5.014018691588785
618,-8.10236220472441,-5.951871657754011,-5.032558139534884
619,-8.10236220472441,-5.951871657754011,-5.032407407407407
620,-8.10236220472441,-5.951871657754011,-5.023041474654378
621,-8.1171875,-5.951871657754011,-5.023041474654378
622,-8.131782945736434,-5.951871657754011,-5.023041474654378
623,-8.146153846153846,-5.951871657754011,-5.023041474654378
624,-8.146153846153846,-5.957446808510638,-5.023041474654378
625,-8.146153846153846,-5.936507936507937,-5.023041474654378
626,-8.146153846153846,-5.936507936507937,-5.023041474654378
627,-8.146153846153846,-5.947368421052632,-5.023041474654378
628,-8.146153846153846,-5.9319371727748695,-5.023041474654378
629,-8.146153846153846,-5.9319371727748695,-5.023041474654378
630,-8.146153846153846,-5.9319371727748695,-5.032110091743119
631,-8.146153846153846,-5.9319371727748695,-5.0228310502283104
632,-8.146153846153846,-5.9319371727748695,-5.004545454545455
633,-8.146153846153846,-5.9375,-5.004545454545455
634,-8.146153846153846,-5.917098445595855,-5.004545454545455
635,-8.146153846153846,-5.917098445595855,-5.004545454545455
636,-8.146153846153846,-5.917098445595855,-5.02262443438914
637,-8.146153846153846,-5.917098445595855,-5.0225225225225225
638,-8.146153846153846,-5.917098445595855,-5.013452914798206
639,-8.146153846153846,-5.93298969072165,-5.013452914798206
640,-8.146153846153846,-5.923076923076923,-5.013452914798206
641,-8.146153846153846,-5.923076923076923,-5.013452914798206
642,-8.13740458015267,-5.923076923076923,-5.013452914798206
643,-8.128787878787879,-5.923076923076923,-5.013452914798206
644,-8.1203007518797,-5.923076923076923,-5.013452914798206
645,-8.111940298507463,-5.923076923076923,-5.013452914798206
646,-8.103703703703705,-5.923076923076923,-5.013452914798206
647,-8.095588235294118,-5.923076923076923,-5.013452914798206
648,-8.095588235294118,-5.933673469387755,-5.013452914798206
649,-8.095588235294118,-5.918781725888325,-5.013452914798206
650,-8.095588235294118,-5.918781725888325,-5.013452914798206
651,-8.095588235294118,-5.918781725888325,-5.03125
652,-8.095588235294118,-5.918781725888325,-5.0311111111111115
653,-8.095588235294118,-5.918781725888325,-5.022123893805309
654,-8.095588235294118,-5.924242424242424,-5.022123893805309
655,-8.095588235294118,-5.9045226130653266,-5.022123893805309
656,-8.095588235294118,-5.9045226130653266,-5.022123893805309
657,-8.095588235294118,-5.92,-5.022123893805309
658,-8.095588235294118,-5.91044776119403,-5.022123893805309
659,-8.095588235294118,-5.91044776119403,-5.022123893805309
660,-8.095588235294118,-5.91044776119403,-5.030837004405286
661,-8.095588235294118,-5.91044776119403,-5.021929824561403
662,-8.095588235294118,-5.91044776119403,-5.004366812227074
663,-8.095588235294118,-5.91044776119403,-5.021739130434782
664,-8.095588235294118,-5.91044776119403,-5.021645021645021
665,-8.095588235294118,-5.91044776119403,-5.012931034482759
666,-8.095588235294118,-5.91044776119403,-5.021459227467811
667,-8.095588235294118,-5.91044776119403,-5.012820512820513
668,-8.095588235294118,-5.91044776119403,-4.995744680851064
669,-8.095588235294118,-5.930693069306931,-4.995744680851064
670,-8.095588235294118,-5.926108374384237,-4.995744680851064
671,-8.095588235294118,-5.926108374384237,-4.995744680851064
672,-8.095588235294118,-5.931372549019608,-4.995744680851064
673,-8.095588235294118,-5.912195121951219,-4.995744680851064
674,-8.095588235294118,-5.912195121951219,-4.995744680851064
675,-8.102189781021897,-5.912195121951219,-4.995744680851064
676,-8.108695652173912,-5.912195121951219,-4.995744680851064
677,-8.115107913669064,-5.912195121951219,-4.995744680851064
678,-8.115107913669064,-5.91747572815534,-4.995744680851064
679,-8.115107913669064,-5.898550724637682,-4.995744680851064
680,-8.115107913669064,-5.898550724637682,-4.995744680851064
681,-8.115107913669064,-5.898550724637682,-5.004237288135593
682,-8.115107913669064,-5.898550724637682,-4.9957805907173
683,-8.115107913669064,-5.898550724637682,-4.9789915966386555
684,-8.115107913669064,-5.908653846153846,-4.9789915966386555
685,-8.115107913669064,-5.894736842105263,-4.9789915966386555
686,-8.115107913669064,-5.894736842105263,-4.9789915966386555
687,-8.115107913669064,-5.894736842105263,-5.0
688,-8.115107913669064,-5.894736842105263,-5.004166666666666
689,-8.115107913669064,-5.894736842105263,-5.0
690,-8.114285714285714,-5.894736842105263,-5.0
691,-8.113475177304965,-5.894736842105263,-5.0
692,-8.112676056338028,-5.894736842105263,-5.0
693,-8.112676056338028,-5.904761904761905,-5.0
694,-8.112676056338028,-5.890995260663507,-5.0
695,-8.112676056338028,-5.890995260663507,-5.0
696,-8.112676056338028,-5.890995260663507,-5.020661157024794
697,-8.112676056338028,-5.890995260663507,-5.0246913580246915
698,-8.112676056338028,-5.890995260663507,-5.020491803278689
699,-8.112676056338028,-5.900943396226415,-5.020491803278689
700,-8.112676056338028,-5.887323943661972,-5.020491803278689
701,-8.112676056338028,-5.887323943661972,-5.020491803278689
702,-8.112676056338028,-5.897196261682243,-5.020491803278689
703,-8.112676056338028,-5.883720930232558,-5.020491803278689
704,-8.112676056338028,-5.883720930232558,-5.020491803278689
705,-8.111888111888112,-5.883720930232558,-5.020491803278689
706,-8.11111111111111,-5.883720930232558,-5.020491803278689
707,-8.110344827586207,-5.883720930232558,-5.020491803278689
708,-8.110344827586207,-5.883720930232558,-5.036734693877551
709,-8.110344827586207,-5.883720930232558,-5.036585365853658
710,-8.110344827586207,-5.883720930232558,-5.02834008097166
711,-8.110344827586207,-5.902777777777778,-5.02834008097166
712,-8.110344827586207,-5.8986175115207375,-5.02834008097166
713,-8.110344827586207,-5.8986175115207375,-5.02834008097166
714,-8.110344827586207,-5.912844036697248,-5.02834008097166
715,-8.110344827586207,-5.904109589041096,-5.02834008097166
716,-8.110344827586207,-5.904109589041096,-5.02834008097166
717,-8.123287671232877,-5.904109589041096,-5.02834008097166
718,-8.136054421768707,-5.904109589041096,-5.02834008097166
719,-8.14864864864865,-5.904109589041096,-5.02834008097166
720,-8.14864864864865,-5.904109589041096,-5.036290322580645
721,-8.14864864864865,-5.904109589041096,-5.028112449799197
722,-8.14864864864865,-5.904109589041096,-5.012
723,-8.14864864864865,-5.909090909090909,-5.012
724,-8.14864864864865,-5.891402714932127,-5.012
725,-8.14864864864865,-5.891402714932127,-5.012
726,-8.14864864864865,-5.887387387387387,-5.012
727,-8.14864864864865,-5.887387387387387,-5.012
728,-8.14864864864865,-5.887387387387387,-5.012
729,-8.14864864864865,-5.887387387387387,-5.0239043824701195
730,-8.14864864864865,-5.887387387387387,-5.01984126984127
731,-8.14864864864865,-5.887387387387387,-5.007905138339921
732,-8.14864864864865,-5.8923766816143495,-5.007905138339921
733,-8.14864864864865,-5.875,-5.007905138339921
734,-8.14864864864865,-5.875,-5.007905138339921
735,-8.14864864864865,-5.875,-5.02755905511811
736,-8.14864864864865,-5.875,-5.031372549019608
737,-8.14864864864865,-5.875,-5.02734375
738,-8.14864864864865,-5.875,-5.042801556420233
739,-8.14864864864865,-5.875,-5.042635658914729
740,-8.14864864864865,-5.875,-5.0347490347490345
741,-8.14864864864865,-5.88,-5.0347490347490345
742,-8.14864864864865,-5.8628318584070795,-5.0347490347490345
743,-8.14864864864865,-5.8628318584070795,-5.0347490347490345
744,-8.14864864864865,-5.86784140969163,-5.0347490347490345
745,-8.14864864864865,-5.850877192982456,-5.0347490347490345
746,-8.14864864864865,-5.850877192982456,-5.0347490347490345
747,-8.14765100671141,-5.850877192982456,-5.0347490347490345
748,-8.146666666666667,-5.850877192982456,-5.0347490347490345
749,-8.14569536423841,-5.850877192982456,-5.0347490347490345
750,-8.14569536423841,-5.868995633187773,-5.0347490347490345
751,-8.14569536423841,-5.8652173913043475,-5.0347490347490345
752,-8.14569536423841,-5.8652173913043475,-5.0347490347490345
753,-8.14569536423841,-5.883116883116883,-5.0347490347490345
754,-8.14569536423841,-5.879310344827586,-5.0347490347490345
755,-8.14569536423841,-5.879310344827586,-5.0347490347490345
756,-8.144736842105264,-5.879310344827586,-5.0347490347490345
757,-8.143790849673202,-5.879310344827586,-5.0347490347490345
758,-8.142857142857142,-5.879310344827586,-5.0347490347490345
759,-8.142857142857142,-5.884120171673819,-5.0347490347490345
760,-8.142857142857142,-5.867521367521367,-5.0347490347490345
761,-8.142857142857142,-5.867521367521367,-5.0347490347490345
762,-8.142857142857142,-5.867521367521367,-5.053846153846154
763,-8.142857142857142,-5.867521367521367,-5.057471264367816
764,-8.142857142857142,-5.867521367521367,-5.0534351145038165
765,-8.142857142857142,-5.885106382978724,-5.0534351145038165
766,-8.142857142857142,-5.88135593220339,-5.0534351145038165
767,-8.142857142857142,-5.88135593220339,-5.0534351145038165
768,-8.135483870967741,-5.88135593220339,-5.0534351145038165
769,-8.128205128205128,-5.88135593220339,-5.0534351145038165
770,-8.121019108280255,-5.88135593220339,-5.0534351145038165
771,-8.121019108280255,-5.886075949367089,-5.0534351145038165
772,-8.121019108280255,-5.869747899159663,-5.0534351145038165
773,-8.121019108280255,-5.869747899159663,-5.0534351145038165
774,-8.121019108280255,-5.869747899159663,-5.068441064638783
775,-8.121019108280255,-5.869747899159663,-5.068181818181818
776,-8.121019108280255,-5.869747899159663,-5.060377358490566
777,-8.121019108280255,-5.882845188284519,-5.060377358490566
778,-8.121019108280255,-5.875,-5.060377358490566
779,-8.121019108280255,-5.875,-5.060377358490566
780,-8.121019108280255,-5.875,-5.078947368421052
781,-8.121019108280255,-5.875,-5.082397003745318
782,-8.121019108280255,-5.875,-5.0783582089552235
783,-8.121019108280255,-5.8879668049792535,-5.0783582089552235
784,-8.121019108280255,-5.880165289256198,-5.0783582089552235
785,-8.121019108280255,-5.880165289256198,-5.0783582089552235
786,-8.120253164556962,-5.880165289256198,-5.0783582089552235
787,-8.119496855345911,-5.880165289256198,-5.0783582089552235
788,-8.11875,-5.880165289256198,-5.0783582089552235
789,-8.11875,-5.888888888888889,-5.0783582089552235
790,-8.11875,-5.877049180327869,-5.0783582089552235
791,-8.11875,-5.877049180327869,-5.0783582089552235
792,-8.11875,-5.877049180327869,-5.092936802973978
793,-8.11875,-5.877049180327869,-5.092592592592593
794,-8.11875,-5.877049180327869,-5.084870848708487
795,-8.11875,-5.893877551020408,-5.084870848708487
796,-8.11875,-5.890243902439025,-5.084870848708487
797,-8.11875,-5.890243902439025,-5.084870848708487
798,-8.111801242236025,-5.890243902439025,-5.084870848708487
799,-8.104938271604938,-5.890243902439025,-5.084870848708487
800,-8.098159509202453,-5.890243902439025,-5.084870848708487
801,-8.098159509202453,-5.898785425101215,-5.084870848708487
802,-8.098159509202453,-5.887096774193548,-5.084870848708487
803,-8.098159509202453,-5.887096774193548,-5.084870848708487
804,-8.098159509202453,-5.887096774193548,-5.095588235294118
805,-8.098159509202453,-5.887096774193548,-5.091575091575091
806,-8.098159509202453,-5.887096774193548,-5.08029197080292
807,-8.098159509202453,-5.895582329317269,-5.08029197080292
808,-8.098159509202453,-5.884,-5.08029197080292
809,-8.098159509202453,-5.884,-5.08029197080292
810,-8.098159509202453,-5.884,-5.098181818181819
811,-8.098159509202453,-5.884,-5.101449275362318
812,-8.098159509202453,-5.884,-5.097472924187725
813,-8.097560975609756,-5.884,-5.097472924187725
814,-8.096969696969698,-5.884,-5.097472924187725
815,-8.096385542168674,-5.884,-5.097472924187725
816,-8.096385542168674,-5.900398406374502,-5.097472924187725
817,-8.096385542168674,-5.896825396825397,-5.097472924187725
818,-8.096385542168674,-5.896825396825397,-5.097472924187725
819,-8.096385542168674,-5.901185770750988,-5.097472924187725
820,-8.096385542168674,-5.8858267716535435,-5.097472924187725
821,-8.096385542168674,-5.8858267716535435,-5.097472924187725
822,-8.096385542168674,-5.8858267716535435,-5.111510791366906
823,-8.096385542168674,-5.8858267716535435,-5.111111111111111
824,-8.096385542168674,-5.8858267716535435,-5.103571428571429
825,-8.096385542168674,-5.898039215686275,-5.103571428571429
826,-8.096385542168674,-5.890625,-5.103571428571429
827,-8.096385542168674,-5.890625,-5.103571428571429
828,-8.10179640718563,-5.890625,-5.103571428571429
829,-8.107142857142858,-5.890625,-5.103571428571429
830,-8.112426035502958,-5.890625,-5.103571428571429
831,-8.112426035502958,-5.890625,-5.120996441281139
832,-8.112426035502958,-5.890625,-5.124113475177305
833,-8.112426035502958,-5.890625,-5.120141342756184
834,-8.112426035502958,-5.898832684824903,-5.120141342756184
835,-8.112426035502958,-5.887596899224806,-5.120141342756184
836,-8.112426035502958,-5.887596899224806,-5.120141342756184
837,-8.112426035502958,-5.903474903474904,-5.120141342756184
838,-8.112426035502958,-5.9,-5.120141342756184
839,-8.112426035502958,-5.9,-5.120141342756184
840,-8.117647058823529,-5.9,-5.120141342756184
841,-8.12280701754386,-5.9,-5.120141342756184
842,-8.127906976744185,-5.9,-5.120141342756184
843,-8.127906976744185,-5.9,-5.133802816901408
844,-8.127906976744185,-5.9,-5.133333333333334
845,-8.127906976744185,-5.9,-5.125874125874126
846,-8.127906976744185,-5.908045977011494,-5.125874125874126
847,-8.127906976744185,-5.896946564885496,-5.125874125874126
848,-8.127906976744185,-5.896946564885496,-5.125874125874126
849,-8.127906976744185,-5.901140684410646,-5.125874125874126
850,-8.127906976744185,-5.886363636363637,-5.125874125874126
851,-8.127906976744185,-5.886363636363637,-5.125874125874126
852,-8.127906976744185,-5.890566037735849,-5.125874125874126
853,-8.127906976744185,-5.87593984962406,-5.125874125874126
854,-8.127906976744185,-5.87593984962406,-5.125874125874126
855,-8.127906976744185,-5.87593984962406,-5.13588850174216
856,-8.127906976744185,-5.87593984962406,-5.131944444444445
857,-8.127906976744185,-5.87593984962406,-5.1211072664359865
858,-8.127906976744185,-5.87593984962406,-5.13448275862069
859,-8.127906976744185,-5.87593984962406,-5.134020618556701
860,-8.127906976744185,-5.87593984962406,-5.126712328767123
861,-8.127906976744185,-5.883895131086143,-5.126712328767123
862,-8.127906976744185,-5.873134328358209,-5.126712328767123
863,-8.127906976744185,-5.873134328358209,-5.126712328767123
864,-8.121387283236995,-5.873134328358209,-5.126712328767123
865,-8.114942528735632,-5.873134328358209,-5.126712328767123
866,-8.108571428571429,-5.873134328358209,-5.126712328767123
867,-8.108571428571429,-5.877323420074349,-5.126712328767123
868,-8.108571428571429,-5.862962962962963,-5.126712328767123
869,-8.108571428571429,-5.862962962962963,-5.126712328767123
870,-8.108571428571429,-5.874538745387454,-5.126712328767123
871,-8.108571428571429,-5.867647058823529,-5.126712328767123
872,-8.108571428571429,-5.867647058823529,-5.126712328767123
873,-8.108571428571429,-5.867647058823529,-5.139931740614334
874,-8.108571428571429,-5.867647058823529,-5.139455782312925
875,-8.108571428571429,-5.867647058823529,-5.132203389830509
876,-8.119318181818182,-5.867647058823529,-5.132203389830509
877,-8.129943502824858,-5.867647058823529,-5.132203389830509
878,-8.140449438202246,-5.867647058823529,-5.132203389830509
879,-8.140449438202246,-5.871794871794871,-5.132203389830509
880,-8.140449438202246,-5.857664233576642,-5.132203389830509
881,-8.140449438202246,-5.857664233576642,-5.132203389830509
882,-8.140449438202246,-5.861818181818182,-5.132203389830509
883,-8.140449438202246,-5.8478260869565215,-5.132203389830509
884,-8.140449438202246,-5.8478260869565215,-5.132203389830509
885,-8.145251396648044,-5.8478260869565215,-5.132203389830509
886,-8.15,-5.8478260869565215,-5.132203389830509
887,-8.154696132596685,-5.8478260869565215,-5.132203389830509
888,-8.154696132596685,-5.8478260869565215,-5.148648648648648
889,-8.154696132596685,-5.8478260869565215,-5.151515151515151
890,-8.154696132596685,-5.8478260869565215,-5.147651006711409
891,-8.154696132596685,-5.855595667870036,-5.147651006711409
892,-8.154696132596685,-5.845323741007194,-5.147651006711409
893,-8.154696132596685,-5.845323741007194,-5.147651006711409
894,-8.154696132596685,-5.85663082437276,-5.147651006711409
895,-8.154696132596685,-5.85,-5.147651006711409
896,-8.154696132596685,-5.85,-5.147651006711409
897,-8.154696132596685,-5.85,-5.1638795986622075
898,-8.154696132596685,-5.85,-5.166666666666667
899,-8.154696132596685,-5.85,-5.162790697674419
900,-8.154696132596685,-5.854092526690391,-5.162790697674419
901,-8.154696132596685,-5.840425531914893,-5.162790697674419
902,-8.154696132596685,-5.840425531914893,-5.162790697674419
903,-8.154696132596685,-5.851590106007067,-5.162790697674419
904,-8.154696132596685,-5.845070422535211,-5.162790697674419
905,-8.154696132596685,-5.845070422535211,-5.162790697674419
906,-8.148351648351648,-5.845070422535211,-5.162790697674419
907,-8.142076502732241,-5.845070422535211,-5.162790697674419
908,-8.13586956521739,-5.845070422535211,-5.162790697674419
909,-8.13586956521739,-5.845070422535211,-5.178807947019868
910,-8.13586956521739,-5.845070422535211,-5.181518151815181
911,-8.13586956521739,-5.845070422535211,-5.177631578947368
912,-8.13586956521739,-5.859649122807017,-5.177631578947368
913,-8.13586956521739,-5.856643356643357,-5.177631578947368
914,-8.13586956521739,-5.856643356643357,-5.177631578947368
915,-8.13586956521739,-5.856643356643357,-5.18688524590164
916,-8.13586956521739,-5.856643356643357,-5.183006535947713
917,-8.13586956521739,-5.856643356643357,-5.172638436482084
918,-8.13586956521739,-5.871080139372823,-5.172638436482084
919,-8.13586956521739,-5.868055555555555,-5.172638436482084
920,-8.13586956521739,-5.868055555555555,-5.172638436482084
921,-8.13586956521739,-5.8719723183391,-5.172638436482084
922,-8.13586956521739,-5.858620689655172,-5.172638436482084
923,-8.13586956521739,-5.858620689655172,-5.172638436482084
924,-8.145945945945947,-5.858620689655172,-5.172638436482084
925,-8.155913978494624,-5.858620689655172,-5.172638436482084
926,-8.165775401069519,-5.858620689655172,-5.172638436482084
927,-8.165775401069519,-5.858620689655172,-5.185064935064935
928,-8.165775401069519,-5.858620689655172,-5.184466019417476
929,-8.165775401069519,-5.858620689655172,-5.17741935483871
930,-8.165775401069519,-5.8728522336769755,-5.17741935483871
931,-8.165775401069519,-5.86986301369863,-5.17741935483871
932,-8.165775401069519,-5.86986301369863,-5.17741935483871
933,-8.165775401069519,-5.8839590443686,-5.17741935483871
934,-8.165775401069519,-5.880952380952381,-5.17741935483871
935,-8.165775401069519,-5.880952380952381,-5.17741935483871
936,-8.165775401069519,-5.880952380952381,-5.189710610932476
937,-8.165775401069519,-5.880952380952381,-5.189102564102564
938,-8.165775401069519,-5.880952380952381,-5.182108626198083
939,-8.165775401069519,-5.888135593220339,-5.182108626198083
940,-8.165775401069519,-5.878378378378378,-5.182108626198083
941,-8.165775401069519,-5.878378378378378,-5.182108626198083
942,-8.164893617021276,-5.878378378378378,-5.182108626198083
943,-8.164021164021165,-5.878378378378378,-5.182108626198083
944,-8.163157894736843,-5.878378378378378,-5.182108626198083
945,-8.163157894736843,-5.878378378378378,-5.197452229299363
946,-8.163157894736843,-5.878378378378378,-5.2
947,-8.163157894736843,-5.878378378378378,-5.19620253164557
948,-8.163157894736843,-5.888888888888889,-5.19620253164557
949,-8.163157894736843,-5.882550335570469,-5.19620253164557
950,-8.163157894736843,-5.882550335570469,-5.19620253164557
951,-8.163157894736843,-5.889632107023411,-5.19620253164557
952,-8.163157894736843,-5.88,-5.19620253164557
953,-8.163157894736843,-5.88,-5.19620253164557
954,-8.163157894736843,-5.88,-5.211356466876971
955,-8.163157894736843,-5.88,-5.213836477987422
956,-8.163157894736843,-5.88,-5.210031347962382
957,-8.157068062827225,-5.88,-5.210031347962382
958,-8.151041666666666,-5.88,-5.210031347962382
959,-8.145077720207254,-5.88,-5.210031347962382
960,-8.145077720207254,-5.8903654485049834,-5.210031347962382
961,-8.145077720207254,-5.8841059602649,-5.210031347962382
962,-8.145077720207254,-5.8841059602649,-5.210031347962382
963,-8.145077720207254,-5.897689768976898,-5.210031347962382
964,-8.145077720207254,-5.894736842105263,-5.210031347962382
965,-8.145077720207254,-5.894736842105263,-5.210031347962382
966,-8.145077720207254,-5.894736842105263,-5.225
967,-8.145077720207254,-5.894736842105263,-5.2274143302180685
968,-8.145077720207254,-5.894736842105263,-5.22360248447205
969,-8.154639175257731,-5.894736842105263,-5.22360248447205
970,-8.164102564102564,-5.894736842105263,-5.22360248447205
971,-8.173469387755102,-5.894736842105263,-5.22360248447205
972,-8.173469387755102,-5.9049180327868855,-5.22360248447205
973,-8.173469387755102,-5.898692810457517,-5.22360248447205
974,-8.173469387755102,-5.898692810457517,-5.22360248447205
975,-8.173469387755102,-5.898692810457517,-5.238390092879257
976,-8.173469387755102,-5.898692810457517,-5.2407407407407405
977,-8.173469387755102,-5.898692810457517,-5.236923076923077
978,-8.173469387755102,-5.905537459283388,-5.236923076923077
979,-8.173469387755102,-5.896103896103896,-5.236923076923077
980,-8.173469387755102,-5.896103896103896,-5.236923076923077
981,-8.173469387755102,-5.909385113268608,-5.236923076923077
982,-8.173469387755102,-5.906451612903226,-5.236923076923077
983,-8.173469387755102,-5.906451612903226,-5.236923076923077
984,-8.182741116751268,-5.906451612903226,-5.236923076923077
985,-8.191919191919192,-5.906451612903226,-5.236923076923077
986,-8.201005025125628,-5.906451612903226,-5.236923076923077
987,-8.201005025125628,-5.906451612903226,-5.245398773006135
988,-8.201005025125628,-5.906451612903226,-5.241590214067278
989,-8.201005025125628,-5.906451612903226,-5.2317073170731705
990,-8.201005025125628,-5.913183279742765,-5.2317073170731705
991,-8.201005025125628,-5.903846153846154,-5.2317073170731705
992,-8.201005025125628,-5.903846153846154,-5.2317073170731705
993,-8.201005025125628,-5.913738019169329,-5.2317073170731705
994,-8.201005025125628,-5.907643312101911,-5.2317073170731705
995,-8.201005025125628,-5.907643312101911,-5.2317073170731705
996,-8.201005025125628,-5.907643312101911,-5.243161094224924
997,-8.201005025125628,-5.907643312101911,-5.242424242424242
998,-8.201005025125628,-5.907643312101911,-5.235649546827794
999,-8.201005025125628,-5.914285714285715,-5.235649546827794
